,items,support,ordered_statistics
0,"frozenset({'chicken', 'light cream'})",0.004532728969470737,"[OrderedStatistic(items_base=frozenset({'light cream'}), items_add=frozenset({'chicken'}), confidence=0.29059829059829057, lift=4.84395061728395)]"
1,"frozenset({'mushroom cream sauce', 'escalope'})",0.005732568990801226,"[OrderedStatistic(items_base=frozenset({'mushroom cream sauce'}), items_add=frozenset({'escalope'}), confidence=0.3006993006993007, lift=3.790832696715049)]"
2,"frozenset({'pasta', 'escalope'})",0.005865884548726837,"[OrderedStatistic(items_base=frozenset({'pasta'}), items_add=frozenset({'escalope'}), confidence=0.3728813559322034, lift=4.700811850163794)]"
3,"frozenset({'fromage blanc', 'honey'})",0.003332888948140248,"[OrderedStatistic(items_base=frozenset({'fromage blanc'}), items_add=frozenset({'honey'}), confidence=0.2450980392156863, lift=5.164270764485569)]"
4,"frozenset({'herb & pepper', 'ground beef'})",0.015997866951073192,"[OrderedStatistic(items_base=frozenset({'herb & pepper'}), items_add=frozenset({'ground beef'}), confidence=0.3234501347708895, lift=3.2919938411349285)]"
5,"frozenset({'tomato sauce', 'ground beef'})",0.005332622317024397,"[OrderedStatistic(items_base=frozenset({'tomato sauce'}), items_add=frozenset({'ground beef'}), confidence=0.3773584905660377, lift=3.840659481324083)]"
6,"frozenset({'olive oil', 'light cream'})",0.003199573390214638,"[OrderedStatistic(items_base=frozenset({'light cream'}), items_add=frozenset({'olive oil'}), confidence=0.20512820512820515, lift=3.1147098515519573)]"
7,"frozenset({'olive oil', 'whole wheat pasta'})",0.007998933475536596,"[OrderedStatistic(items_base=frozenset({'whole wheat pasta'}), items_add=frozenset({'olive oil'}), confidence=0.2714932126696833, lift=4.122410097642296)]"
8,"frozenset({'shrimp', 'pasta'})",0.005065991201173177,"[OrderedStatistic(items_base=frozenset({'pasta'}), items_add=frozenset({'shrimp'}), confidence=0.3220338983050847, lift=4.506672147735896)]"
9,"frozenset({'milk', 'spaghetti', 'avocado'})",0.003332888948140248,"[OrderedStatistic(items_base=frozenset({'spaghetti', 'avocado'}), items_add=frozenset({'milk'}), confidence=0.41666666666666663, lift=3.215449245541838)]"
10,"frozenset({'milk', 'cake', 'burgers'})",0.0037328356219170776,"[OrderedStatistic(items_base=frozenset({'milk', 'cake'}), items_add=frozenset({'burgers'}), confidence=0.27999999999999997, lift=3.211437308868501)]"
11,"frozenset({'chocolate', 'turkey', 'burgers'})",0.0030662578322890282,"[OrderedStatistic(items_base=frozenset({'chocolate', 'turkey'}), items_add=frozenset({'burgers'}), confidence=0.27058823529411763, lift=3.1034898363014927)]"
12,"frozenset({'milk', 'turkey', 'burgers'})",0.003199573390214638,"[OrderedStatistic(items_base=frozenset({'milk', 'turkey'}), items_add=frozenset({'burgers'}), confidence=0.2823529411764706, lift=3.2384241770102533)]"
13,"frozenset({'frozen vegetables', 'tomatoes', 'cake'})",0.0030662578322890282,"[OrderedStatistic(items_base=frozenset({'frozen vegetables', 'cake'}), items_add=frozenset({'tomatoes'}), confidence=0.2987012987012987, lift=4.367560314928736), OrderedStatistic(items_base=frozenset({'tomatoes', 'cake'}), items_add=frozenset({'frozen vegetables'}), confidence=0.36507936507936506, lift=3.8300144300144296)]"
14,"frozenset({'spaghetti', 'cereals', 'ground beef'})",0.0030662578322890282,"[OrderedStatistic(items_base=frozenset({'cereals', 'ground beef'}), items_add=frozenset({'spaghetti'}), confidence=0.6764705882352942, lift=3.8853031258445188), OrderedStatistic(items_base=frozenset({'spaghetti', 'cereals'}), items_add=frozenset({'ground beef'}), confidence=0.45999999999999996, lift=4.681763907734057)]"
15,"frozenset({'milk', 'chicken', 'ground beef'})",0.0038661511798426876,"[OrderedStatistic(items_base=frozenset({'chicken', 'ground beef'}), items_add=frozenset({'milk'}), confidence=0.40845070422535207, lift=3.152046020981858)]"
16,"frozenset({'chicken', 'nan', 'light cream'})",0.004532728969470737,"[OrderedStatistic(items_base=frozenset({'nan', 'light cream'}), items_add=frozenset({'chicken'}), confidence=0.29059829059829057, lift=4.84395061728395)]"
17,"frozenset({'milk', 'chicken', 'olive oil'})",0.0035995200639914677,"[OrderedStatistic(items_base=frozenset({'milk', 'chicken'}), items_add=frozenset({'olive oil'}), confidence=0.24324324324324323, lift=3.693456614509246), OrderedStatistic(items_base=frozenset({'chicken', 'olive oil'}), items_add=frozenset({'milk'}), confidence=0.5, lift=3.858539094650206), OrderedStatistic(items_base=frozenset({'milk', 'olive oil'}), items_add=frozenset({'chicken'}), confidence=0.2109375, lift=3.51609375)]"
18,"frozenset({'spaghetti', 'chicken', 'olive oil'})",0.0034662045060658577,"[OrderedStatistic(items_base=frozenset({'chicken', 'spaghetti'}), items_add=frozenset({'olive oil'}), confidence=0.20155038759689922, lift=3.0603835169318647)]"
19,"frozenset({'frozen vegetables', 'shrimp', 'chocolate'})",0.005332622317024397,"[OrderedStatistic(items_base=frozenset({'frozen vegetables', 'chocolate'}), items_add=frozenset({'shrimp'}), confidence=0.23255813953488375, lift=3.2545123221103784), OrderedStatistic(items_base=frozenset({'shrimp', 'chocolate'}), items_add=frozenset({'frozen vegetables'}), confidence=0.29629629629629634, lift=3.1084175084175087)]"
20,"frozenset({'herb & pepper', 'chocolate', 'ground beef'})",0.003999466737768298,"[OrderedStatistic(items_base=frozenset({'herb & pepper', 'chocolate'}), items_add=frozenset({'ground beef'}), confidence=0.4411764705882354, lift=4.4901827759597746)]"
21,"frozenset({'milk', 'soup', 'chocolate'})",0.003999466737768298,"[OrderedStatistic(items_base=frozenset({'soup', 'chocolate'}), items_add=frozenset({'milk'}), confidence=0.3947368421052632, lift=3.0462150747238472)]"
22,"frozenset({'cooking oil', 'spaghetti', 'ground beef'})",0.004799360085321957,"[OrderedStatistic(items_base=frozenset({'cooking oil', 'ground beef'}), items_add=frozenset({'spaghetti'}), confidence=0.5714285714285714, lift=3.2819951870487856), OrderedStatistic(items_base=frozenset({'cooking oil', 'spaghetti'}), items_add=frozenset({'ground beef'}), confidence=0.3025210084033613, lift=3.0789824749438446)]"
23,"frozenset({'eggs', 'herb & pepper', 'ground beef'})",0.0041327822956939075,"[OrderedStatistic(items_base=frozenset({'eggs', 'ground beef'}), items_add=frozenset({'herb & pepper'}), confidence=0.2066666666666667, lift=4.178454627133872), OrderedStatistic(items_base=frozenset({'eggs', 'herb & pepper'}), items_add=frozenset({'ground beef'}), confidence=0.3297872340425532, lift=3.3564912381997174)]"
24,"frozenset({'eggs', 'red wine', 'spaghetti'})",0.0037328356219170776,"[OrderedStatistic(items_base=frozenset({'eggs', 'red wine'}), items_add=frozenset({'spaghetti'}), confidence=0.5283018867924528, lift=3.0342974370828397)]"
25,"frozenset({'nan', 'mushroom cream sauce', 'escalope'})",0.005732568990801226,"[OrderedStatistic(items_base=frozenset({'nan', 'mushroom cream sauce'}), items_add=frozenset({'escalope'}), confidence=0.3006993006993007, lift=3.790832696715049)]"
26,"frozenset({'pasta', 'nan', 'escalope'})",0.005865884548726837,"[OrderedStatistic(items_base=frozenset({'nan', 'pasta'}), items_add=frozenset({'escalope'}), confidence=0.3728813559322034, lift=4.700811850163794)]"
27,"frozenset({'herb & pepper', 'french fries', 'ground beef'})",0.003199573390214638,"[OrderedStatistic(items_base=frozenset({'french fries', 'ground beef'}), items_add=frozenset({'herb & pepper'}), confidence=0.23076923076923078, lift=4.665768194070081), OrderedStatistic(items_base=frozenset({'herb & pepper', 'french fries'}), items_add=frozenset({'ground beef'}), confidence=0.46153846153846156, lift=4.697421981004071)]"
28,"frozenset({'fromage blanc', 'honey', 'nan'})",0.003332888948140248,"[OrderedStatistic(items_base=frozenset({'fromage blanc', 'nan'}), items_add=frozenset({'honey'}), confidence=0.2450980392156863, lift=5.164270764485569)]"
29,"frozenset({'frozen vegetables', 'tomatoes', 'green tea'})",0.003332888948140248,"[OrderedStatistic(items_base=frozenset({'frozen vegetables', 'green tea'}), items_add=frozenset({'tomatoes'}), confidence=0.2314814814814815, lift=3.38468341635983)]"
30,"frozenset({'frozen vegetables', 'spaghetti', 'ground beef'})",0.008665511265164644,"[OrderedStatistic(items_base=frozenset({'frozen vegetables', 'spaghetti'}), items_add=frozenset({'ground beef'}), confidence=0.31100478468899523, lift=3.165328208890303)]"
31,"frozenset({'milk', 'frozen vegetables', 'olive oil'})",0.004799360085321957,"[OrderedStatistic(items_base=frozenset({'milk', 'frozen vegetables'}), items_add=frozenset({'olive oil'}), confidence=0.20338983050847456, lift=3.088314005352364), OrderedStatistic(items_base=frozenset({'frozen vegetables', 'olive oil'}), items_add=frozenset({'milk'}), confidence=0.4235294117647058, lift=3.2684095860566447)]"
32,"frozenset({'milk', 'frozen vegetables', 'soup'})",0.003999466737768298,"[OrderedStatistic(items_base=frozenset({'frozen vegetables', 'soup'}), items_add=frozenset({'milk'}), confidence=0.5, lift=3.858539094650206)]"
33,"frozenset({'milk', 'frozen vegetables', 'tomatoes'})",0.0041327822956939075,"[OrderedStatistic(items_base=frozenset({'milk', 'tomatoes'}), items_add=frozenset({'frozen vegetables'}), confidence=0.29523809523809524, lift=3.0973160173160172)]"
34,"frozenset({'frozen vegetables', 'mineral water', 'shrimp'})",0.007199040127982935,"[OrderedStatistic(items_base=frozenset({'mineral water', 'shrimp'}), items_add=frozenset({'frozen vegetables'}), confidence=0.30508474576271183, lift=3.200616332819722)]"
35,"frozenset({'spaghetti', 'frozen vegetables', 'olive oil'})",0.005732568990801226,"[OrderedStatistic(items_base=frozenset({'frozen vegetables', 'spaghetti'}), items_add=frozenset({'olive oil'}), confidence=0.20574162679425836, lift=3.1240241752707125)]"
36,"frozenset({'frozen vegetables', 'spaghetti', 'shrimp'})",0.005999200106652446,"[OrderedStatistic(items_base=frozenset({'frozen vegetables', 'spaghetti'}), items_add=frozenset({'shrimp'}), confidence=0.21531100478468898, lift=3.0131489680782684)]"
37,"frozenset({'tomatoes', 'frozen vegetables', 'shrimp'})",0.003999466737768298,"[OrderedStatistic(items_base=frozenset({'frozen vegetables', 'shrimp'}), items_add=frozenset({'tomatoes'}), confidence=0.24000000000000002, lift=3.5092397660818717), OrderedStatistic(items_base=frozenset({'frozen vegetables', 'tomatoes'}), items_add=frozenset({'shrimp'}), confidence=0.2479338842975207, lift=3.4696866905143704), OrderedStatistic(items_base=frozenset({'tomatoes', 'shrimp'}), items_add=frozenset({'frozen vegetables'}), confidence=0.35714285714285715, lift=3.7467532467532467)]"
38,"frozenset({'frozen vegetables', 'spaghetti', 'tomatoes'})",0.006665777896280496,"[OrderedStatistic(items_base=frozenset({'frozen vegetables', 'spaghetti'}), items_add=frozenset({'tomatoes'}), confidence=0.23923444976076558, lift=3.4980460188216425), OrderedStatistic(items_base=frozenset({'spaghetti', 'tomatoes'}), items_add=frozenset({'frozen vegetables'}), confidence=0.3184713375796179, lift=3.341053850607991)]"
39,"frozenset({'spaghetti', 'ground beef', 'grated cheese'})",0.005332622317024397,"[OrderedStatistic(items_base=frozenset({'spaghetti', 'grated cheese'}), items_add=frozenset({'ground beef'}), confidence=0.3225806451612903, lift=3.283144395325426)]"
40,"frozenset({'tomatoes', 'green tea', 'ground beef'})",0.0030662578322890282,"[OrderedStatistic(items_base=frozenset({'green tea', 'ground beef'}), items_add=frozenset({'tomatoes'}), confidence=0.2072072072072072, lift=3.0297490472929067)]"
41,"frozenset({'milk', 'herb & pepper', 'ground beef'})",0.0035995200639914677,"[OrderedStatistic(items_base=frozenset({'milk', 'herb & pepper'}), items_add=frozenset({'ground beef'}), confidence=0.3913043478260869, lift=3.9825968969382335)]"
42,"frozenset({'mineral water', 'herb & pepper', 'ground beef'})",0.006665777896280496,"[OrderedStatistic(items_base=frozenset({'mineral water', 'herb & pepper'}), items_add=frozenset({'ground beef'}), confidence=0.39062500000000006, lift=3.975682666214383)]"
43,"frozenset({'nan', 'herb & pepper', 'ground beef'})",0.015997866951073192,"[OrderedStatistic(items_base=frozenset({'nan', 'herb & pepper'}), items_add=frozenset({'ground beef'}), confidence=0.3234501347708895, lift=3.2919938411349285)]"
44,"frozenset({'spaghetti', 'herb & pepper', 'ground beef'})",0.006399146780429276,"[OrderedStatistic(items_base=frozenset({'spaghetti', 'herb & pepper'}), items_add=frozenset({'ground beef'}), confidence=0.3934426229508197, lift=4.004359721511667)]"
45,"frozenset({'milk', 'olive oil', 'ground beef'})",0.004932675643247567,"[OrderedStatistic(items_base=frozenset({'milk', 'ground beef'}), items_add=frozenset({'olive oil'}), confidence=0.22424242424242427, lift=3.40494417862839)]"
46,"frozenset({'milk', 'soup', 'ground beef'})",0.003999466737768298,"[OrderedStatistic(items_base=frozenset({'soup', 'ground beef'}), items_add=frozenset({'milk'}), confidence=0.4109589041095891, lift=3.1714019956029094)]"
47,"frozenset({'tomato sauce', 'nan', 'ground beef'})",0.005332622317024397,"[OrderedStatistic(items_base=frozenset({'tomato sauce', 'nan'}), items_add=frozenset({'ground beef'}), confidence=0.3773584905660377, lift=3.840659481324083)]"
48,"frozenset({'spaghetti', 'pepper', 'ground beef'})",0.003332888948140248,"[OrderedStatistic(items_base=frozenset({'spaghetti', 'pepper'}), items_add=frozenset({'ground beef'}), confidence=0.33783783783783783, lift=3.4384282518610876)]"
49,"frozenset({'spaghetti', 'shrimp', 'ground beef'})",0.005999200106652446,"[OrderedStatistic(items_base=frozenset({'shrimp', 'ground beef'}), items_add=frozenset({'spaghetti'}), confidence=0.5232558139534884, lift=3.005315360233627)]"
50,"frozenset({'tomato sauce', 'spaghetti', 'ground beef'})",0.0030662578322890282,"[OrderedStatistic(items_base=frozenset({'tomato sauce', 'ground beef'}), items_add=frozenset({'spaghetti'}), confidence=0.5750000000000001, lift=3.3025076569678413), OrderedStatistic(items_base=frozenset({'tomato sauce', 'spaghetti'}), items_add=frozenset({'ground beef'}), confidence=0.4893617021276596, lift=4.980599901844742)]"
51,"frozenset({'olive oil', 'nan', 'light cream'})",0.003199573390214638,"[OrderedStatistic(items_base=frozenset({'nan', 'light cream'}), items_add=frozenset({'olive oil'}), confidence=0.20512820512820515, lift=3.1147098515519573)]"
52,"frozenset({'milk', 'olive oil', 'shrimp'})",0.003199573390214638,"[OrderedStatistic(items_base=frozenset({'olive oil', 'shrimp'}), items_add=frozenset({'milk'}), confidence=0.3934426229508197, lift=3.0362274843149164)]"
53,"frozenset({'milk', 'olive oil', 'soup'})",0.0035995200639914677,"[OrderedStatistic(items_base=frozenset({'milk', 'olive oil'}), items_add=frozenset({'soup'}), confidence=0.2109375, lift=4.174781497361478), OrderedStatistic(items_base=frozenset({'milk', 'soup'}), items_add=frozenset({'olive oil'}), confidence=0.23684210526315788, lift=3.5962603878116344), OrderedStatistic(items_base=frozenset({'olive oil', 'soup'}), items_add=frozenset({'milk'}), confidence=0.4029850746268656, lift=3.1098673300165833)]"
54,"frozenset({'milk', 'spaghetti', 'olive oil'})",0.007199040127982935,"[OrderedStatistic(items_base=frozenset({'milk', 'spaghetti'}), items_add=frozenset({'olive oil'}), confidence=0.20300751879699247, lift=3.0825089038385434)]"
55,"frozenset({'milk', 'tomatoes', 'soup'})",0.0030662578322890282,"[OrderedStatistic(items_base=frozenset({'milk', 'tomatoes'}), items_add=frozenset({'soup'}), confidence=0.21904761904761905, lift=4.335293378565146), OrderedStatistic(items_base=frozenset({'tomatoes', 'soup'}), items_add=frozenset({'milk'}), confidence=0.44230769230769235, lift=3.4133230452674903)]"
56,"frozenset({'milk', 'spaghetti', 'whole wheat pasta'})",0.003999466737768298,"[OrderedStatistic(items_base=frozenset({'spaghetti', 'whole wheat pasta'}), items_add=frozenset({'milk'}), confidence=0.4545454545454546, lift=3.5077628133183696)]"
57,"frozenset({'olive oil', 'mineral water', 'soup'})",0.005199306759098787,"[OrderedStatistic(items_base=frozenset({'mineral water', 'soup'}), items_add=frozenset({'olive oil'}), confidence=0.22543352601156072, lift=3.4230301186492245)]"
58,"frozenset({'olive oil', 'mineral water', 'whole wheat pasta'})",0.0038661511798426876,"[OrderedStatistic(items_base=frozenset({'mineral water', 'whole wheat pasta'}), items_add=frozenset({'olive oil'}), confidence=0.4027777777777778, lift=6.115862573099416)]"
59,"frozenset({'olive oil', 'nan', 'whole wheat pasta'})",0.007998933475536596,"[OrderedStatistic(items_base=frozenset({'nan', 'whole wheat pasta'}), items_add=frozenset({'olive oil'}), confidence=0.2714932126696833, lift=4.122410097642296)]"
60,"frozenset({'nan', 'shrimp', 'pasta'})",0.005065991201173177,"[OrderedStatistic(items_base=frozenset({'nan', 'pasta'}), items_add=frozenset({'shrimp'}), confidence=0.3220338983050847, lift=4.506672147735896)]"
61,"frozenset({'spaghetti', 'olive oil', 'pancakes'})",0.005065991201173177,"[OrderedStatistic(items_base=frozenset({'spaghetti', 'pancakes'}), items_add=frozenset({'olive oil'}), confidence=0.20105820105820105, lift=3.0529100529100526)]"
62,"frozenset({'spaghetti', 'olive oil', 'tomatoes'})",0.004399413411545127,"[OrderedStatistic(items_base=frozenset({'olive oil', 'tomatoes'}), items_add=frozenset({'spaghetti'}), confidence=0.6111111111111112, lift=3.5099115194827295), OrderedStatistic(items_base=frozenset({'spaghetti', 'tomatoes'}), items_add=frozenset({'olive oil'}), confidence=0.21019108280254778, lift=3.19158565202816)]"
63,"frozenset({'whole wheat rice', 'spaghetti', 'tomatoes'})",0.0030662578322890282,"[OrderedStatistic(items_base=frozenset({'whole wheat rice', 'spaghetti'}), items_add=frozenset({'tomatoes'}), confidence=0.2169811320754717, lift=3.1726617382029496)]"
64,"frozenset({'milk', 'spaghetti', 'nan', 'avocado'})",0.003332888948140248,"[OrderedStatistic(items_base=frozenset({'spaghetti', 'nan', 'avocado'}), items_add=frozenset({'milk'}), confidence=0.41666666666666663, lift=3.215449245541838)]"
65,"frozenset({'milk', 'nan', 'cake', 'burgers'})",0.0037328356219170776,"[OrderedStatistic(items_base=frozenset({'milk', 'nan', 'cake'}), items_add=frozenset({'burgers'}), confidence=0.27999999999999997, lift=3.211437308868501)]"
66,"frozenset({'nan', 'chocolate', 'turkey', 'burgers'})",0.0030662578322890282,"[OrderedStatistic(items_base=frozenset({'nan', 'chocolate', 'turkey'}), items_add=frozenset({'burgers'}), confidence=0.27058823529411763, lift=3.1034898363014927)]"
67,"frozenset({'milk', 'nan', 'turkey', 'burgers'})",0.003199573390214638,"[OrderedStatistic(items_base=frozenset({'milk', 'nan', 'turkey'}), items_add=frozenset({'burgers'}), confidence=0.2823529411764706, lift=3.2384241770102533)]"
68,"frozenset({'frozen vegetables', 'nan', 'tomatoes', 'cake'})",0.0030662578322890282,"[OrderedStatistic(items_base=frozenset({'frozen vegetables', 'nan', 'cake'}), items_add=frozenset({'tomatoes'}), confidence=0.2987012987012987, lift=4.367560314928736), OrderedStatistic(items_base=frozenset({'nan', 'tomatoes', 'cake'}), items_add=frozenset({'frozen vegetables'}), confidence=0.36507936507936506, lift=3.8300144300144296)]"
69,"frozenset({'spaghetti', 'nan', 'cereals', 'ground beef'})",0.0030662578322890282,"[OrderedStatistic(items_base=frozenset({'nan', 'cereals', 'ground beef'}), items_add=frozenset({'spaghetti'}), confidence=0.6764705882352942, lift=3.8853031258445188), OrderedStatistic(items_base=frozenset({'spaghetti', 'nan', 'cereals'}), items_add=frozenset({'ground beef'}), confidence=0.45999999999999996, lift=4.681763907734057)]"
70,"frozenset({'milk', 'chicken', 'nan', 'ground beef'})",0.0038661511798426876,"[OrderedStatistic(items_base=frozenset({'chicken', 'nan', 'ground beef'}), items_add=frozenset({'milk'}), confidence=0.40845070422535207, lift=3.152046020981858)]"
71,"frozenset({'milk', 'chicken', 'nan', 'olive oil'})",0.0035995200639914677,"[OrderedStatistic(items_base=frozenset({'milk', 'chicken', 'nan'}), items_add=frozenset({'olive oil'}), confidence=0.24324324324324323, lift=3.693456614509246), OrderedStatistic(items_base=frozenset({'chicken', 'nan', 'olive oil'}), items_add=frozenset({'milk'}), confidence=0.5, lift=3.858539094650206), OrderedStatistic(items_base=frozenset({'milk', 'olive oil', 'nan'}), items_add=frozenset({'chicken'}), confidence=0.2109375, lift=3.51609375)]"
72,"frozenset({'spaghetti', 'chicken', 'nan', 'olive oil'})",0.0034662045060658577,"[OrderedStatistic(items_base=frozenset({'spaghetti', 'chicken', 'nan'}), items_add=frozenset({'olive oil'}), confidence=0.20155038759689922, lift=3.0603835169318647)]"
73,"frozenset({'eggs', 'mineral water', 'chocolate', 'ground beef'})",0.003999466737768298,"[OrderedStatistic(items_base=frozenset({'eggs', 'mineral water', 'chocolate'}), items_add=frozenset({'ground beef'}), confidence=0.29702970297029707, lift=3.023093354111531)]"
74,"frozenset({'frozen vegetables', 'mineral water', 'chocolate', 'ground beef'})",0.003332888948140248,"[OrderedStatistic(items_base=frozenset({'frozen vegetables', 'mineral water', 'chocolate'}), items_add=frozenset({'ground beef'}), confidence=0.34246575342465757, lift=3.4855300087358976), OrderedStatistic(items_base=frozenset({'mineral water', 'chocolate', 'ground beef'}), items_add=frozenset({'frozen vegetables'}), confidence=0.30487804878048785, lift=3.1984478935698455)]"
75,"frozenset({'frozen vegetables', 'spaghetti', 'chocolate', 'ground beef'})",0.0030662578322890282,"[OrderedStatistic(items_base=frozenset({'frozen vegetables', 'chocolate', 'ground beef'}), items_add=frozenset({'spaghetti'}), confidence=0.5348837209302326, lift=3.0721001460165964), OrderedStatistic(items_base=frozenset({'frozen vegetables', 'spaghetti', 'chocolate'}), items_add=frozenset({'ground beef'}), confidence=0.3898305084745763, lift=3.967596531978015), OrderedStatistic(items_base=frozenset({'spaghetti', 'chocolate', 'ground beef'}), items_add=frozenset({'frozen vegetables'}), confidence=0.33333333333333337, lift=3.4969696969696975)]"
76,"frozenset({'milk', 'frozen vegetables', 'mineral water', 'chocolate'})",0.003999466737768298,"[OrderedStatistic(items_base=frozenset({'frozen vegetables', 'mineral water', 'chocolate'}), items_add=frozenset({'milk'}), confidence=0.4109589041095891, lift=3.1714019956029094)]"
77,"frozenset({'milk', 'frozen vegetables', 'spaghetti', 'chocolate'})",0.0034662045060658577,"[OrderedStatistic(items_base=frozenset({'frozen vegetables', 'spaghetti', 'chocolate'}), items_add=frozenset({'milk'}), confidence=0.44067796610169485, lift=3.4007463207086555), OrderedStatistic(items_base=frozenset({'milk', 'spaghetti', 'chocolate'}), items_add=frozenset({'frozen vegetables'}), confidence=0.3170731707317073, lift=3.3263858093126384)]"
78,"frozenset({'frozen vegetables', 'mineral water', 'shrimp', 'chocolate'})",0.003199573390214638,"[OrderedStatistic(items_base=frozenset({'frozen vegetables', 'mineral water', 'chocolate'}), items_add=frozenset({'shrimp'}), confidence=0.32876712328767127, lift=4.600899611531385), OrderedStatistic(items_base=frozenset({'mineral water', 'shrimp', 'chocolate'}), items_add=frozenset({'frozen vegetables'}), confidence=0.4210526315789474, lift=4.417224880382776)]"
79,"frozenset({'frozen vegetables', 'nan', 'shrimp', 'chocolate'})",0.005332622317024397,"[OrderedStatistic(items_base=frozenset({'frozen vegetables', 'nan', 'chocolate'}), items_add=frozenset({'shrimp'}), confidence=0.23255813953488375, lift=3.2545123221103784), OrderedStatistic(items_base=frozenset({'nan', 'shrimp', 'chocolate'}), items_add=frozenset({'frozen vegetables'}), confidence=0.29629629629629634, lift=3.1084175084175087)]"
80,"frozenset({'nan', 'herb & pepper', 'chocolate', 'ground beef'})",0.003999466737768298,"[OrderedStatistic(items_base=frozenset({'nan', 'herb & pepper', 'chocolate'}), items_add=frozenset({'ground beef'}), confidence=0.4411764705882354, lift=4.4901827759597746)]"
81,"frozenset({'milk', 'nan', 'soup', 'chocolate'})",0.003999466737768298,"[OrderedStatistic(items_base=frozenset({'nan', 'soup', 'chocolate'}), items_add=frozenset({'milk'}), confidence=0.3947368421052632, lift=3.0462150747238472)]"
82,"frozenset({'spaghetti', 'olive oil', 'mineral water', 'chocolate'})",0.0038661511798426876,"[OrderedStatistic(items_base=frozenset({'spaghetti', 'mineral water', 'chocolate'}), items_add=frozenset({'olive oil'}), confidence=0.2436974789915966, lift=3.700353825740822)]"
83,"frozenset({'spaghetti', 'mineral water', 'shrimp', 'chocolate'})",0.0034662045060658577,"[OrderedStatistic(items_base=frozenset({'spaghetti', 'mineral water', 'chocolate'}), items_add=frozenset({'shrimp'}), confidence=0.21848739495798317, lift=3.0576006522011783)]"
84,"frozenset({'cooking oil', 'spaghetti', 'nan', 'ground beef'})",0.004799360085321957,"[OrderedStatistic(items_base=frozenset({'cooking oil', 'nan', 'ground beef'}), items_add=frozenset({'spaghetti'}), confidence=0.5714285714285714, lift=3.2819951870487856), OrderedStatistic(items_base=frozenset({'cooking oil', 'spaghetti', 'nan'}), items_add=frozenset({'ground beef'}), confidence=0.3025210084033613, lift=3.0789824749438446)]"
85,"frozenset({'eggs', 'frozen vegetables', 'mineral water', 'milk'})",0.0037328356219170776,"[OrderedStatistic(items_base=frozenset({'eggs', 'frozen vegetables', 'mineral water'}), items_add=frozenset({'milk'}), confidence=0.411764705882353, lift=3.177620430888405)]"
86,"frozenset({'eggs', 'nan', 'herb & pepper', 'ground beef'})",0.0041327822956939075,"[OrderedStatistic(items_base=frozenset({'eggs', 'nan', 'ground beef'}), items_add=frozenset({'herb & pepper'}), confidence=0.2066666666666667, lift=4.178454627133872), OrderedStatistic(items_base=frozenset({'eggs', 'nan', 'herb & pepper'}), items_add=frozenset({'ground beef'}), confidence=0.3297872340425532, lift=3.3564912381997174)]"
87,"frozenset({'eggs', 'red wine', 'nan', 'spaghetti'})",0.0037328356219170776,"[OrderedStatistic(items_base=frozenset({'eggs', 'red wine', 'nan'}), items_add=frozenset({'spaghetti'}), confidence=0.5283018867924528, lift=3.0342974370828397)]"
88,"frozenset({'nan', 'herb & pepper', 'french fries', 'ground beef'})",0.003199573390214638,"[OrderedStatistic(items_base=frozenset({'nan', 'french fries', 'ground beef'}), items_add=frozenset({'herb & pepper'}), confidence=0.23076923076923078, lift=4.665768194070081), OrderedStatistic(items_base=frozenset({'nan', 'herb & pepper', 'french fries'}), items_add=frozenset({'ground beef'}), confidence=0.46153846153846156, lift=4.697421981004071)]"
89,"frozenset({'milk', 'spaghetti', 'mineral water', 'frozen smoothie'})",0.003199573390214638,"[OrderedStatistic(items_base=frozenset({'spaghetti', 'mineral water', 'frozen smoothie'}), items_add=frozenset({'milk'}), confidence=0.4705882352941177, lift=3.631566206729606), OrderedStatistic(items_base=frozenset({'milk', 'spaghetti', 'mineral water'}), items_add=frozenset({'frozen smoothie'}), confidence=0.2033898305084746, lift=3.211846565566459)]"
90,"frozenset({'frozen vegetables', 'nan', 'tomatoes', 'green tea'})",0.003332888948140248,"[OrderedStatistic(items_base=frozenset({'frozen vegetables', 'nan', 'green tea'}), items_add=frozenset({'tomatoes'}), confidence=0.2314814814814815, lift=3.38468341635983)]"
91,"frozenset({'milk', 'frozen vegetables', 'mineral water', 'ground beef'})",0.0037328356219170776,"[OrderedStatistic(items_base=frozenset({'frozen vegetables', 'mineral water', 'ground beef'}), items_add=frozenset({'milk'}), confidence=0.40579710144927533, lift=3.1315679608755294), OrderedStatistic(items_base=frozenset({'milk', 'frozen vegetables', 'mineral water'}), items_add=frozenset({'ground beef'}), confidence=0.3373493975903614, lift=3.4334570302921317), OrderedStatistic(items_base=frozenset({'milk', 'mineral water', 'ground beef'}), items_add=frozenset({'frozen vegetables'}), confidence=0.3373493975903614, lift=3.539101861993428)]"
92,"frozenset({'milk', 'frozen vegetables', 'spaghetti', 'ground beef'})",0.0030662578322890282,"[OrderedStatistic(items_base=frozenset({'milk', 'frozen vegetables', 'ground beef'}), items_add=frozenset({'spaghetti'}), confidence=0.5348837209302326, lift=3.0721001460165964), OrderedStatistic(items_base=frozenset({'milk', 'frozen vegetables', 'spaghetti'}), items_add=frozenset({'ground beef'}), confidence=0.3709677419354839, lift=3.7756160546242397), OrderedStatistic(items_base=frozenset({'milk', 'spaghetti', 'ground beef'}), items_add=frozenset({'frozen vegetables'}), confidence=0.3150684931506849, lift=3.305354919053549)]"
93,"frozenset({'spaghetti', 'frozen vegetables', 'mineral water', 'ground beef'})",0.004399413411545127,"[OrderedStatistic(items_base=frozenset({'spaghetti', 'frozen vegetables', 'mineral water'}), items_add=frozenset({'ground beef'}), confidence=0.3666666666666667, lift=3.7318407960199007)]"
94,"frozenset({'spaghetti', 'frozen vegetables', 'nan', 'ground beef'})",0.008665511265164644,"[OrderedStatistic(items_base=frozenset({'spaghetti', 'frozen vegetables', 'nan'}), items_add=frozenset({'ground beef'}), confidence=0.31100478468899523, lift=3.165328208890303)]"
95,"frozenset({'milk', 'frozen vegetables', 'mineral water', 'olive oil'})",0.003332888948140248,"[OrderedStatistic(items_base=frozenset({'milk', 'frozen vegetables', 'mineral water'}), items_add=frozenset({'olive oil'}), confidence=0.30120481927710846, lift=4.573557387444516), OrderedStatistic(items_base=frozenset({'frozen vegetables', 'mineral water', 'olive oil'}), items_add=frozenset({'milk'}), confidence=0.5102040816326531, lift=3.937284790459394), OrderedStatistic(items_base=frozenset({'milk', 'olive oil', 'mineral water'}), items_add=frozenset({'frozen vegetables'}), confidence=0.39062500000000006, lift=4.098011363636364)]"
96,"frozenset({'milk', 'frozen vegetables', 'mineral water', 'soup'})",0.0030662578322890282,"[OrderedStatistic(items_base=frozenset({'milk', 'frozen vegetables', 'mineral water'}), items_add=frozenset({'soup'}), confidence=0.27710843373493976, lift=5.484407286136631), OrderedStatistic(items_base=frozenset({'milk', 'frozen vegetables', 'soup'}), items_add=frozenset({'mineral water'}), confidence=0.7666666666666666, lift=3.21631245339299), OrderedStatistic(items_base=frozenset({'frozen vegetables', 'mineral water', 'soup'}), items_add=frozenset({'milk'}), confidence=0.6052631578947368, lift=4.670863114576565), OrderedStatistic(items_base=frozenset({'milk', 'mineral water', 'soup'}), items_add=frozenset({'frozen vegetables'}), confidence=0.35937500000000006, lift=3.7701704545454553)]"
97,"frozenset({'milk', 'frozen vegetables', 'mineral water', 'spaghetti'})",0.004532728969470737,"[OrderedStatistic(items_base=frozenset({'milk', 'spaghetti', 'mineral water'}), items_add=frozenset({'frozen vegetables'}), confidence=0.28813559322033894, lift=3.0228043143297376)]"
98,"frozenset({'milk', 'frozen vegetables', 'nan', 'olive oil'})",0.004799360085321957,"[OrderedStatistic(items_base=frozenset({'milk', 'frozen vegetables', 'nan'}), items_add=frozenset({'olive oil'}), confidence=0.20338983050847456, lift=3.088314005352364), OrderedStatistic(items_base=frozenset({'frozen vegetables', 'nan', 'olive oil'}), items_add=frozenset({'milk'}), confidence=0.4235294117647058, lift=3.2684095860566447)]"
99,"frozenset({'milk', 'frozen vegetables', 'nan', 'soup'})",0.003999466737768298,"[OrderedStatistic(items_base=frozenset({'frozen vegetables', 'nan', 'soup'}), items_add=frozenset({'milk'}), confidence=0.5, lift=3.858539094650206)]"
100,"frozenset({'milk', 'frozen vegetables', 'nan', 'tomatoes'})",0.0041327822956939075,"[OrderedStatistic(items_base=frozenset({'milk', 'nan', 'tomatoes'}), items_add=frozenset({'frozen vegetables'}), confidence=0.29523809523809524, lift=3.0973160173160172)]"
101,"frozenset({'frozen vegetables', 'mineral water', 'shrimp', 'nan'})",0.007199040127982935,"[OrderedStatistic(items_base=frozenset({'mineral water', 'shrimp', 'nan'}), items_add=frozenset({'frozen vegetables'}), confidence=0.3068181818181818, lift=3.218801652892562)]"
102,"frozenset({'spaghetti', 'frozen vegetables', 'mineral water', 'shrimp'})",0.003332888948140248,"[OrderedStatistic(items_base=frozenset({'spaghetti', 'frozen vegetables', 'mineral water'}), items_add=frozenset({'shrimp'}), confidence=0.2777777777777778, lift=3.8873341625207294), OrderedStatistic(items_base=frozenset({'spaghetti', 'mineral water', 'shrimp'}), items_add=frozenset({'frozen vegetables'}), confidence=0.39062500000000006, lift=4.098011363636364)]"
103,"frozenset({'spaghetti', 'frozen vegetables', 'mineral water', 'tomatoes'})",0.0030662578322890282,"[OrderedStatistic(items_base=frozenset({'spaghetti', 'frozen vegetables', 'mineral water'}), items_add=frozenset({'tomatoes'}), confidence=0.2555555555555556, lift=3.7366904916612524), OrderedStatistic(items_base=frozenset({'frozen vegetables', 'mineral water', 'tomatoes'}), items_add=frozenset({'spaghetti'}), confidence=0.5227272727272727, lift=3.0022796881525826), OrderedStatistic(items_base=frozenset({'spaghetti', 'mineral water', 'tomatoes'}), items_add=frozenset({'frozen vegetables'}), confidence=0.32857142857142857, lift=3.447012987012987)]"
104,"frozenset({'spaghetti', 'frozen vegetables', 'nan', 'olive oil'})",0.005732568990801226,"[OrderedStatistic(items_base=frozenset({'spaghetti', 'frozen vegetables', 'nan'}), items_add=frozenset({'olive oil'}), confidence=0.20574162679425836, lift=3.1240241752707125)]"
105,"frozenset({'spaghetti', 'frozen vegetables', 'nan', 'shrimp'})",0.005999200106652446,"[OrderedStatistic(items_base=frozenset({'spaghetti', 'frozen vegetables', 'nan'}), items_add=frozenset({'shrimp'}), confidence=0.21531100478468898, lift=3.0131489680782684)]"
106,"frozenset({'tomatoes', 'frozen vegetables', 'nan', 'shrimp'})",0.003999466737768298,"[OrderedStatistic(items_base=frozenset({'frozen vegetables', 'nan', 'shrimp'}), items_add=frozenset({'tomatoes'}), confidence=0.24000000000000002, lift=3.5092397660818717), OrderedStatistic(items_base=frozenset({'frozen vegetables', 'nan', 'tomatoes'}), items_add=frozenset({'shrimp'}), confidence=0.2479338842975207, lift=3.4696866905143704), OrderedStatistic(items_base=frozenset({'tomatoes', 'nan', 'shrimp'}), items_add=frozenset({'frozen vegetables'}), confidence=0.35714285714285715, lift=3.7467532467532467)]"
107,"frozenset({'spaghetti', 'frozen vegetables', 'nan', 'tomatoes'})",0.006665777896280496,"[OrderedStatistic(items_base=frozenset({'spaghetti', 'frozen vegetables', 'nan'}), items_add=frozenset({'tomatoes'}), confidence=0.23923444976076558, lift=3.4980460188216425), OrderedStatistic(items_base=frozenset({'spaghetti', 'nan', 'tomatoes'}), items_add=frozenset({'frozen vegetables'}), confidence=0.3184713375796179, lift=3.341053850607991)]"
108,"frozenset({'spaghetti', 'nan', 'ground beef', 'grated cheese'})",0.005332622317024397,"[OrderedStatistic(items_base=frozenset({'spaghetti', 'nan', 'grated cheese'}), items_add=frozenset({'ground beef'}), confidence=0.3225806451612903, lift=3.283144395325426)]"
109,"frozenset({'nan', 'tomatoes', 'green tea', 'ground beef'})",0.0030662578322890282,"[OrderedStatistic(items_base=frozenset({'nan', 'green tea', 'ground beef'}), items_add=frozenset({'tomatoes'}), confidence=0.2072072072072072, lift=3.0297490472929067)]"
110,"frozenset({'milk', 'nan', 'herb & pepper', 'ground beef'})",0.0035995200639914677,"[OrderedStatistic(items_base=frozenset({'milk', 'nan', 'herb & pepper'}), items_add=frozenset({'ground beef'}), confidence=0.3913043478260869, lift=3.9825968969382335)]"
111,"frozenset({'mineral water', 'herb & pepper', 'nan', 'ground beef'})",0.006665777896280496,"[OrderedStatistic(items_base=frozenset({'mineral water', 'herb & pepper', 'nan'}), items_add=frozenset({'ground beef'}), confidence=0.39062500000000006, lift=3.975682666214383)]"
112,"frozenset({'spaghetti', 'nan', 'herb & pepper', 'ground beef'})",0.006399146780429276,"[OrderedStatistic(items_base=frozenset({'spaghetti', 'nan', 'herb & pepper'}), items_add=frozenset({'ground beef'}), confidence=0.3934426229508197, lift=4.004359721511667)]"
113,"frozenset({'milk', 'olive oil', 'nan', 'ground beef'})",0.004932675643247567,"[OrderedStatistic(items_base=frozenset({'milk', 'nan', 'ground beef'}), items_add=frozenset({'olive oil'}), confidence=0.22424242424242427, lift=3.40494417862839)]"
114,"frozenset({'milk', 'nan', 'soup', 'ground beef'})",0.003999466737768298,"[OrderedStatistic(items_base=frozenset({'nan', 'soup', 'ground beef'}), items_add=frozenset({'milk'}), confidence=0.4109589041095891, lift=3.1714019956029094)]"
115,"frozenset({'spaghetti', 'olive oil', 'mineral water', 'ground beef'})",0.0030662578322890282,"[OrderedStatistic(items_base=frozenset({'spaghetti', 'olive oil', 'mineral water'}), items_add=frozenset({'ground beef'}), confidence=0.2987012987012987, lift=3.0401064335935435)]"
116,"frozenset({'spaghetti', 'mineral water', 'tomatoes', 'ground beef'})",0.0030662578322890282,"[OrderedStatistic(items_base=frozenset({'mineral water', 'tomatoes', 'ground beef'}), items_add=frozenset({'spaghetti'}), confidence=0.5609756097560976, lift=3.221958689724723), OrderedStatistic(items_base=frozenset({'spaghetti', 'mineral water', 'tomatoes'}), items_add=frozenset({'ground beef'}), confidence=0.32857142857142857, lift=3.344117076952898)]"
117,"frozenset({'spaghetti', 'nan', 'pepper', 'ground beef'})",0.003332888948140248,"[OrderedStatistic(items_base=frozenset({'spaghetti', 'nan', 'pepper'}), items_add=frozenset({'ground beef'}), confidence=0.33783783783783783, lift=3.4384282518610876)]"
118,"frozenset({'spaghetti', 'nan', 'shrimp', 'ground beef'})",0.005999200106652446,"[OrderedStatistic(items_base=frozenset({'nan', 'shrimp', 'ground beef'}), items_add=frozenset({'spaghetti'}), confidence=0.5232558139534884, lift=3.005315360233627)]"
119,"frozenset({'spaghetti', 'nan', 'tomato sauce', 'ground beef'})",0.0030662578322890282,"[OrderedStatistic(items_base=frozenset({'tomato sauce', 'nan', 'ground beef'}), items_add=frozenset({'spaghetti'}), confidence=0.5750000000000001, lift=3.3025076569678413), OrderedStatistic(items_base=frozenset({'spaghetti', 'nan', 'tomato sauce'}), items_add=frozenset({'ground beef'}), confidence=0.4893617021276596, lift=4.980599901844742)]"
120,"frozenset({'milk', 'olive oil', 'mineral water', 'spaghetti'})",0.003332888948140248,"[OrderedStatistic(items_base=frozenset({'milk', 'spaghetti', 'mineral water'}), items_add=frozenset({'olive oil'}), confidence=0.211864406779661, lift=3.216993755575379)]"
121,"frozenset({'milk', 'spaghetti', 'mineral water', 'tomatoes'})",0.003332888948140248,"[OrderedStatistic(items_base=frozenset({'milk', 'spaghetti', 'mineral water'}), items_add=frozenset({'tomatoes'}), confidence=0.211864406779661, lift=3.0978458387022165)]"
122,"frozenset({'milk', 'olive oil', 'nan', 'shrimp'})",0.003199573390214638,"[OrderedStatistic(items_base=frozenset({'olive oil', 'nan', 'shrimp'}), items_add=frozenset({'milk'}), confidence=0.39999999999999997, lift=3.0868312757201646)]"
123,"frozenset({'milk', 'olive oil', 'nan', 'soup'})",0.0035995200639914677,"[OrderedStatistic(items_base=frozenset({'milk', 'olive oil', 'nan'}), items_add=frozenset({'soup'}), confidence=0.2109375, lift=4.174781497361478), OrderedStatistic(items_base=frozenset({'milk', 'nan', 'soup'}), items_add=frozenset({'olive oil'}), confidence=0.23684210526315788, lift=3.5962603878116344), OrderedStatistic(items_base=frozenset({'olive oil', 'nan', 'soup'}), items_add=frozenset({'milk'}), confidence=0.4029850746268656, lift=3.1098673300165833)]"
124,"frozenset({'milk', 'olive oil', 'nan', 'spaghetti'})",0.007199040127982935,"[OrderedStatistic(items_base=frozenset({'milk', 'spaghetti', 'nan'}), items_add=frozenset({'olive oil'}), confidence=0.20300751879699247, lift=3.0825089038385434)]"
125,"frozenset({'milk', 'nan', 'tomatoes', 'soup'})",0.0030662578322890282,"[OrderedStatistic(items_base=frozenset({'milk', 'nan', 'tomatoes'}), items_add=frozenset({'soup'}), confidence=0.21904761904761905, lift=4.335293378565146), OrderedStatistic(items_base=frozenset({'nan', 'tomatoes', 'soup'}), items_add=frozenset({'milk'}), confidence=0.44230769230769235, lift=3.4133230452674903)]"
126,"frozenset({'milk', 'spaghetti', 'nan', 'whole wheat pasta'})",0.003999466737768298,"[OrderedStatistic(items_base=frozenset({'spaghetti', 'nan', 'whole wheat pasta'}), items_add=frozenset({'milk'}), confidence=0.4545454545454546, lift=3.5077628133183696)]"
127,"frozenset({'olive oil', 'mineral water', 'soup', 'nan'})",0.005199306759098787,"[OrderedStatistic(items_base=frozenset({'mineral water', 'soup', 'nan'}), items_add=frozenset({'olive oil'}), confidence=0.22543352601156072, lift=3.4230301186492245)]"
128,"frozenset({'olive oil', 'mineral water', 'whole wheat pasta', 'nan'})",0.0038661511798426876,"[OrderedStatistic(items_base=frozenset({'mineral water', 'whole wheat pasta', 'nan'}), items_add=frozenset({'olive oil'}), confidence=0.4027777777777778, lift=6.115862573099416)]"
129,"frozenset({'spaghetti', 'olive oil', 'nan', 'pancakes'})",0.005065991201173177,"[OrderedStatistic(items_base=frozenset({'spaghetti', 'nan', 'pancakes'}), items_add=frozenset({'olive oil'}), confidence=0.20105820105820105, lift=3.0529100529100526)]"
130,"frozenset({'spaghetti', 'olive oil', 'nan', 'tomatoes'})",0.004399413411545127,"[OrderedStatistic(items_base=frozenset({'olive oil', 'nan', 'tomatoes'}), items_add=frozenset({'spaghetti'}), confidence=0.6111111111111112, lift=3.5099115194827295), OrderedStatistic(items_base=frozenset({'spaghetti', 'nan', 'tomatoes'}), items_add=frozenset({'olive oil'}), confidence=0.21019108280254778, lift=3.19158565202816)]"
131,"frozenset({'spaghetti', 'whole wheat rice', 'nan', 'tomatoes'})",0.0030662578322890282,"[OrderedStatistic(items_base=frozenset({'spaghetti', 'whole wheat rice', 'nan'}), items_add=frozenset({'tomatoes'}), confidence=0.2169811320754717, lift=3.1726617382029496)]"
132,"frozenset({'chocolate', 'ground beef', 'nan', 'mineral water', 'eggs'})",0.003999466737768298,"[OrderedStatistic(items_base=frozenset({'eggs', 'mineral water', 'chocolate', 'nan'}), items_add=frozenset({'ground beef'}), confidence=0.29702970297029707, lift=3.023093354111531)]"
133,"frozenset({'chocolate', 'ground beef', 'frozen vegetables', 'nan', 'mineral water'})",0.003332888948140248,"[OrderedStatistic(items_base=frozenset({'frozen vegetables', 'mineral water', 'chocolate', 'nan'}), items_add=frozenset({'ground beef'}), confidence=0.34246575342465757, lift=3.4855300087358976), OrderedStatistic(items_base=frozenset({'mineral water', 'chocolate', 'nan', 'ground beef'}), items_add=frozenset({'frozen vegetables'}), confidence=0.30487804878048785, lift=3.1984478935698455)]"
134,"frozenset({'chocolate', 'ground beef', 'frozen vegetables', 'spaghetti', 'nan'})",0.0030662578322890282,"[OrderedStatistic(items_base=frozenset({'frozen vegetables', 'nan', 'chocolate', 'ground beef'}), items_add=frozenset({'spaghetti'}), confidence=0.5348837209302326, lift=3.0721001460165964), OrderedStatistic(items_base=frozenset({'spaghetti', 'frozen vegetables', 'nan', 'chocolate'}), items_add=frozenset({'ground beef'}), confidence=0.3898305084745763, lift=3.967596531978015), OrderedStatistic(items_base=frozenset({'spaghetti', 'nan', 'chocolate', 'ground beef'}), items_add=frozenset({'frozen vegetables'}), confidence=0.33333333333333337, lift=3.4969696969696975)]"
135,"frozenset({'chocolate', 'milk', 'frozen vegetables', 'nan', 'mineral water'})",0.003999466737768298,"[OrderedStatistic(items_base=frozenset({'frozen vegetables', 'mineral water', 'chocolate', 'nan'}), items_add=frozenset({'milk'}), confidence=0.4109589041095891, lift=3.1714019956029094)]"
136,"frozenset({'chocolate', 'milk', 'frozen vegetables', 'nan', 'spaghetti'})",0.0034662045060658577,"[OrderedStatistic(items_base=frozenset({'spaghetti', 'frozen vegetables', 'nan', 'chocolate'}), items_add=frozenset({'milk'}), confidence=0.44067796610169485, lift=3.4007463207086555), OrderedStatistic(items_base=frozenset({'milk', 'spaghetti', 'nan', 'chocolate'}), items_add=frozenset({'frozen vegetables'}), confidence=0.3170731707317073, lift=3.3263858093126384)]"
137,"frozenset({'chocolate', 'frozen vegetables', 'nan', 'mineral water', 'shrimp'})",0.003199573390214638,"[OrderedStatistic(items_base=frozenset({'frozen vegetables', 'mineral water', 'chocolate', 'nan'}), items_add=frozenset({'shrimp'}), confidence=0.32876712328767127, lift=4.600899611531385), OrderedStatistic(items_base=frozenset({'mineral water', 'shrimp', 'chocolate', 'nan'}), items_add=frozenset({'frozen vegetables'}), confidence=0.4210526315789474, lift=4.417224880382776)]"
138,"frozenset({'chocolate', 'spaghetti', 'nan', 'olive oil', 'mineral water'})",0.0038661511798426876,"[OrderedStatistic(items_base=frozenset({'spaghetti', 'mineral water', 'chocolate', 'nan'}), items_add=frozenset({'olive oil'}), confidence=0.2436974789915966, lift=3.700353825740822)]"
139,"frozenset({'chocolate', 'spaghetti', 'nan', 'mineral water', 'shrimp'})",0.0034662045060658577,"[OrderedStatistic(items_base=frozenset({'spaghetti', 'mineral water', 'chocolate', 'nan'}), items_add=frozenset({'shrimp'}), confidence=0.21848739495798317, lift=3.0576006522011783)]"
140,"frozenset({'milk', 'frozen vegetables', 'nan', 'mineral water', 'eggs'})",0.0037328356219170776,"[OrderedStatistic(items_base=frozenset({'eggs', 'frozen vegetables', 'mineral water', 'nan'}), items_add=frozenset({'milk'}), confidence=0.411764705882353, lift=3.177620430888405)]"
141,"frozenset({'frozen smoothie', 'milk', 'spaghetti', 'nan', 'mineral water'})",0.003199573390214638,"[OrderedStatistic(items_base=frozenset({'spaghetti', 'mineral water', 'frozen smoothie', 'nan'}), items_add=frozenset({'milk'}), confidence=0.4705882352941177, lift=3.631566206729606), OrderedStatistic(items_base=frozenset({'milk', 'spaghetti', 'mineral water', 'nan'}), items_add=frozenset({'frozen smoothie'}), confidence=0.2033898305084746, lift=3.211846565566459)]"
142,"frozenset({'ground beef', 'milk', 'frozen vegetables', 'nan', 'mineral water'})",0.0037328356219170776,"[OrderedStatistic(items_base=frozenset({'frozen vegetables', 'mineral water', 'nan', 'ground beef'}), items_add=frozenset({'milk'}), confidence=0.40579710144927533, lift=3.1315679608755294), OrderedStatistic(items_base=frozenset({'milk', 'frozen vegetables', 'mineral water', 'nan'}), items_add=frozenset({'ground beef'}), confidence=0.3373493975903614, lift=3.4334570302921317), OrderedStatistic(items_base=frozenset({'milk', 'mineral water', 'nan', 'ground beef'}), items_add=frozenset({'frozen vegetables'}), confidence=0.3373493975903614, lift=3.539101861993428)]"
143,"frozenset({'ground beef', 'milk', 'frozen vegetables', 'nan', 'spaghetti'})",0.0030662578322890282,"[OrderedStatistic(items_base=frozenset({'milk', 'frozen vegetables', 'nan', 'ground beef'}), items_add=frozenset({'spaghetti'}), confidence=0.5348837209302326, lift=3.0721001460165964), OrderedStatistic(items_base=frozenset({'milk', 'frozen vegetables', 'nan', 'spaghetti'}), items_add=frozenset({'ground beef'}), confidence=0.3709677419354839, lift=3.7756160546242397), OrderedStatistic(items_base=frozenset({'milk', 'spaghetti', 'nan', 'ground beef'}), items_add=frozenset({'frozen vegetables'}), confidence=0.3150684931506849, lift=3.305354919053549)]"
144,"frozenset({'ground beef', 'frozen vegetables', 'spaghetti', 'nan', 'mineral water'})",0.004399413411545127,"[OrderedStatistic(items_base=frozenset({'spaghetti', 'frozen vegetables', 'mineral water', 'nan'}), items_add=frozenset({'ground beef'}), confidence=0.3666666666666667, lift=3.7318407960199007)]"
145,"frozenset({'milk', 'frozen vegetables', 'nan', 'mineral water', 'olive oil'})",0.003332888948140248,"[OrderedStatistic(items_base=frozenset({'milk', 'frozen vegetables', 'mineral water', 'nan'}), items_add=frozenset({'olive oil'}), confidence=0.30120481927710846, lift=4.573557387444516), OrderedStatistic(items_base=frozenset({'frozen vegetables', 'mineral water', 'olive oil', 'nan'}), items_add=frozenset({'milk'}), confidence=0.5102040816326531, lift=3.937284790459394), OrderedStatistic(items_base=frozenset({'milk', 'olive oil', 'mineral water', 'nan'}), items_add=frozenset({'frozen vegetables'}), confidence=0.39062500000000006, lift=4.098011363636364)]"
146,"frozenset({'milk', 'frozen vegetables', 'nan', 'soup', 'mineral water'})",0.0030662578322890282,"[OrderedStatistic(items_base=frozenset({'milk', 'frozen vegetables', 'mineral water', 'nan'}), items_add=frozenset({'soup'}), confidence=0.27710843373493976, lift=5.484407286136631), OrderedStatistic(items_base=frozenset({'milk', 'frozen vegetables', 'nan', 'soup'}), items_add=frozenset({'mineral water'}), confidence=0.7666666666666666, lift=3.21631245339299), OrderedStatistic(items_base=frozenset({'frozen vegetables', 'mineral water', 'soup', 'nan'}), items_add=frozenset({'milk'}), confidence=0.6052631578947368, lift=4.670863114576565), OrderedStatistic(items_base=frozenset({'milk', 'mineral water', 'soup', 'nan'}), items_add=frozenset({'frozen vegetables'}), confidence=0.35937500000000006, lift=3.7701704545454553)]"
147,"frozenset({'milk', 'frozen vegetables', 'spaghetti', 'nan', 'mineral water'})",0.004532728969470737,"[OrderedStatistic(items_base=frozenset({'milk', 'spaghetti', 'mineral water', 'nan'}), items_add=frozenset({'frozen vegetables'}), confidence=0.28813559322033894, lift=3.0228043143297376)]"
148,"frozenset({'frozen vegetables', 'spaghetti', 'nan', 'mineral water', 'shrimp'})",0.003332888948140248,"[OrderedStatistic(items_base=frozenset({'spaghetti', 'frozen vegetables', 'mineral water', 'nan'}), items_add=frozenset({'shrimp'}), confidence=0.2777777777777778, lift=3.8873341625207294), OrderedStatistic(items_base=frozenset({'spaghetti', 'mineral water', 'shrimp', 'nan'}), items_add=frozenset({'frozen vegetables'}), confidence=0.39062500000000006, lift=4.098011363636364)]"
149,"frozenset({'tomatoes', 'frozen vegetables', 'spaghetti', 'nan', 'mineral water'})",0.0030662578322890282,"[OrderedStatistic(items_base=frozenset({'spaghetti', 'frozen vegetables', 'mineral water', 'nan'}), items_add=frozenset({'tomatoes'}), confidence=0.2555555555555556, lift=3.7366904916612524), OrderedStatistic(items_base=frozenset({'frozen vegetables', 'mineral water', 'tomatoes', 'nan'}), items_add=frozenset({'spaghetti'}), confidence=0.5227272727272727, lift=3.0022796881525826), OrderedStatistic(items_base=frozenset({'spaghetti', 'mineral water', 'tomatoes', 'nan'}), items_add=frozenset({'frozen vegetables'}), confidence=0.32857142857142857, lift=3.447012987012987)]"
150,"frozenset({'ground beef', 'spaghetti', 'nan', 'olive oil', 'mineral water'})",0.0030662578322890282,"[OrderedStatistic(items_base=frozenset({'spaghetti', 'olive oil', 'mineral water', 'nan'}), items_add=frozenset({'ground beef'}), confidence=0.2987012987012987, lift=3.0401064335935435)]"
151,"frozenset({'tomatoes', 'ground beef', 'spaghetti', 'nan', 'mineral water'})",0.0030662578322890282,"[OrderedStatistic(items_base=frozenset({'mineral water', 'tomatoes', 'nan', 'ground beef'}), items_add=frozenset({'spaghetti'}), confidence=0.5609756097560976, lift=3.221958689724723), OrderedStatistic(items_base=frozenset({'spaghetti', 'mineral water', 'tomatoes', 'nan'}), items_add=frozenset({'ground beef'}), confidence=0.32857142857142857, lift=3.344117076952898)]"
152,"frozenset({'milk', 'spaghetti', 'nan', 'olive oil', 'mineral water'})",0.003332888948140248,"[OrderedStatistic(items_base=frozenset({'milk', 'spaghetti', 'mineral water', 'nan'}), items_add=frozenset({'olive oil'}), confidence=0.211864406779661, lift=3.216993755575379)]"
153,"frozenset({'tomatoes', 'milk', 'spaghetti', 'nan', 'mineral water'})",0.003332888948140248,"[OrderedStatistic(items_base=frozenset({'milk', 'spaghetti', 'mineral water', 'nan'}), items_add=frozenset({'tomatoes'}), confidence=0.211864406779661, lift=3.0978458387022165)]"
